customer_id,first_name,last_name,email,phone_number,city,signup_date,last_updated_timestamp
1,Daniel,Reed,azimmerman@ramirez-nelson.com,811-724-1080,Tiffanyview,12/25/2023,9/15/2025 15:21
2,Jonathan,Hansen,williammiller@serrano-jones.com,632-190-4027x0198,Baldwinburgh,1/23/2021,9/19/2025 20:19
3,Samuel,Rodriguez,troy07@carrillo-webb.info,676.094.0716,New Ashley,5/31/2025,9/13/2025 3:45
4,Victor,Sanchez,jonthompson@thomas.biz,960-929-2694,Stephanieton,8/31/2024,8/23/2025 0:38
5,Sabrina,Black,patricknewman@williams.biz,+1-621-699-9458x79470,South Christopherport,5/18/2023,8/20/2025 16:08
6,Melissa,Blair,courtney29@gmail.com,(332)469-2812x91807,East Pamela,9/17/2025,8/24/2025 9:44
7,Jacqueline,Williams,robertmoore@gmail.com,7312603248,Fritzmouth,5/29/2023,8/28/2025 19:40
8,Christina,Arnold,parkerbridget@yahoo.com,(878)682-1357,North Sarah,9/21/2023,9/6/2025 20:36
9,Lisa,Shelton,cody49@johnson.org,9349468560,South Kyleview,12/13/2022,9/8/2025 14:57
10,Megan,Dean,vritter@yahoo.com,001-967-061-8100x482,Port Jesse,3/12/2023,9/7/2025 23:05
11,Barbara,Anderson,kristen04@hotmail.com,392.066.9676x001,South Stephanieberg,4/28/2022,9/7/2025 3:15
12,Laura,Roman,wilsonlaura@lewis.com,+1-648-097-6914x62270,Andrewton,11/10/2023,9/1/2025 23:32
13,Melissa,Knight,tabitha21@ferguson.com,619-904-4971x465,Lake Amandaview,9/5/2025,9/10/2025 17:37
14,Patricia,Little,middletonjennifer@yahoo.com,(464)974-5556,North Amymouth,3/31/2022,9/14/2025 6:35
15,Martin,Roberts,fallen@li.net,138.024.5765x7072,Timothyview,11/16/2024,8/31/2025 1:01
16,David,Mcbride,caitlin10@allen-sullivan.info,+1-849-307-9208x527,East Kimberg,10/14/2023,8/25/2025 23:20
17,Ian,Rodriguez,jason56@tucker-anderson.net,(014)014-9166,New Tara,5/15/2024,9/7/2025 13:43
18,Catherine,Wade,kgibson@smith-wright.com,(542)408-0642x68171,Roseland,9/28/2024,8/20/2025 14:11
19,Alexander,Williams,kevinporter@waters.info,544.416.0143x02242,Lawrencebury,3/14/2021,8/20/2025 20:55
20,Natalie,Ramos,ssmith@wood.info,915-451-0188x769,Catherinehaven,12/12/2020,9/9/2025 10:07
21,Breanna,Roberts,derekmills@yahoo.com,001-155-923-3977,Christopherport,10/24/2020,9/3/2025 10:49
22,Angela,Mayer,xbarnes@hotmail.com,301.179.9757x831,New Michaelbury,4/5/2024,9/10/2025 18:01
23,Christina,Fowler,sandersmark@hotmail.com,001-744-059-9633x776,Katrinatown,8/20/2022,9/18/2025 6:35
24,Jeffrey,Casey,kenneth21@schmitt.com,(784)645-5042x866,Ibarraport,5/6/2021,8/22/2025 20:21
25,Darlene,Murray,smithdana@mccarthy.org,3298224429,Smithfort,7/15/2024,9/15/2025 13:19
26,Austin,Johnson,davidbennett@gmail.com,657-690-8701x263,Nealton,12/2/2024,9/10/2025 14:54
27,Michelle,Golden,calvinhernandez@kelly-brown.com,6042816636,North Zacharyton,9/18/2024,9/20/2025 5:47
28,Joseph,Ross,bcollins@baker-smith.com,(657)795-6357x399,Lake Jeremy,8/14/2021,8/22/2025 9:10
29,Jacqueline,Perez,christian27@yahoo.com,001-830-447-2407x853,Edwardsland,8/13/2025,9/3/2025 22:14
30,Nicholas,Hill,david01@case-welch.com,(703)398-7705x8124,Port Jaclynborough,4/20/2022,8/29/2025 3:18
31,Tami,Dickerson,dukemichael@hotmail.com,001-443-990-0748x713,Camachotown,5/11/2023,9/18/2025 15:08
32,Claudia,Johnson,elliottstephanie@hayden.net,001-816-438-0045x12489,Ramosbury,1/26/2021,8/31/2025 19:41
33,Andrew,Smith,yvalentine@hotmail.com,1921706047,Port Elizabeth,8/18/2023,9/10/2025 15:56
34,Chad,Howell,lisa13@gibson.org,669.452.2228,Rebeccaport,10/30/2023,9/6/2025 18:32
35,Christopher,Rowe,donna39@williams.net,843.006.6369,Wongburgh,8/17/2021,9/10/2025 8:32
36,Eric,Moran,morsejames@cooper.info,041.420.9573x7103,East Gregory,5/8/2024,9/11/2025 20:52
37,Steven,Johnson,joshuasimmons@horne.com,001-833-144-8169x308,East Kelseyhaven,8/4/2024,9/6/2025 9:28
38,Alison,Ellis,melissa16@gmail.com,001-282-485-8290x7022,East Cynthiabury,2/21/2023,9/19/2025 0:37
39,Nathan,Zimmerman,clarkcourtney@hotmail.com,+1-089-449-1703x310,Shariborough,11/20/2021,9/20/2025 8:43
40,Haley,Ewing,courtneymaynard@gmail.com,+1-973-783-4122x32960,Jameston,6/2/2024,9/16/2025 8:28
41,Zachary,Horton,cglass@gmail.com,+1-978-026-0476x5484,Zimmermanstad,2/18/2024,9/14/2025 4:03
42,Justin,Flowers,tiffanydavis@yahoo.com,001-606-054-3917x611,Michaelview,7/31/2022,8/26/2025 17:43
43,Meghan,Ibarra,jason48@hotmail.com,979.247.3612,Jessestad,9/28/2023,9/5/2025 15:12
44,Joshua,Brown,jonesmichael@may-nash.info,253.796.2825,Julieton,11/21/2021,9/7/2025 5:05
45,Kathryn,Barr,alicia67@yahoo.com,158-790-0026x3166,Lake Donaldburgh,2/4/2024,9/5/2025 12:40
46,Ashley,Weaver,vpierce@yahoo.com,(170)960-6080x1993,Port Robert,4/19/2025,8/23/2025 9:33
47,Taylor,Hayes,erika01@thomas.com,(340)202-3990,Smithfort,8/13/2022,8/31/2025 0:14
48,Ashley,Meyer,qwelch@hotmail.com,(831)281-8661,Donfurt,1/25/2024,8/25/2025 13:34
49,James,Reed,donnadecker@hotmail.com,-2719,Laurastad,10/15/2022,8/22/2025 15:13
50,Alan,Martin,adam97@hotmail.com,-6502,Port Ashleyburgh,7/5/2023,8/28/2025 8:39
51,Michele,Anderson,victoria03@burns.com,4667587033,Nicholaston,8/22/2024,8/20/2025 14:34
52,Jason,Ortiz,joshua55@duncan.info,001-692-483-1585x81661,North Joshuaville,8/19/2025,9/1/2025 2:57
53,Victor,Davis,qhamilton@yahoo.com,(230)739-5814x21724,Baileyberg,12/10/2021,9/13/2025 16:23
54,Phillip,Miller,aprilesparza@hotmail.com,0250282605,North Henryland,6/11/2025,8/29/2025 16:00
55,Joseph,Mccarthy,ellencooper@yahoo.com,(489)036-9853x187,West Emilytown,10/24/2022,9/18/2025 3:36
56,William,Freeman,tina28@yahoo.com,(347)773-1763x0130,West Steventown,7/8/2025,8/21/2025 20:59
57,Andrew,Butler,martinezmelanie@gmail.com,1587940682,Port Haileymouth,11/7/2024,8/23/2025 15:24
58,Margaret,Lewis,bwright@hunt-frey.org,944.187.6739x14634,Kellyport,9/17/2021,8/31/2025 17:58
59,Pamela,Rush,mitchellalan@martinez.info,001-975-383-8080x642,Conleyfort,2/18/2021,8/31/2025 0:23
60,Nicholas,Williams,sean09@hotmail.com,001-913-875-2234x36321,North Jonathan,8/7/2024,8/23/2025 11:54
61,Jeffery,Nguyen,jameswebster@hotmail.com,+1-504-492-2970x2927,Jennifershire,12/31/2020,9/2/2025 4:32
62,Tara,Roberts,michaelsharp@graves.net,969.274.9240,Loganside,2/23/2021,9/3/2025 2:57
63,Vanessa,Alvarez,jthomas@lam.com,+1-262-377-1370x0643,Mckenziefurt,5/20/2021,8/27/2025 9:23
64,Caitlyn,Rose,barbermichael@sellers.biz,847-256-4033x505,Port Laura,10/30/2024,8/21/2025 21:52
65,Jennifer,Williams,darrellsingh@hernandez.com,609.998.2380x007,Lake Anthonymouth,10/5/2023,9/12/2025 4:41
66,Tiffany,Smith,armstrongjoy@yahoo.com,324-782-7838x9007,East James,1/8/2024,9/13/2025 14:49
67,Jennifer,Klein,rharrison@gmail.com,001-588-531-3755,Browningland,5/5/2021,8/28/2025 23:30
68,Marissa,Ramsey,susanlittle@taylor-richards.biz,8251941793,Lake Dannyshire,11/15/2021,9/6/2025 0:14
69,Brett,Mcdaniel,lonnie81@wheeler-ferrell.com,6409684040,Lake Katherine,4/18/2024,8/28/2025 20:45
70,Richard,Knox,donna07@jones.com,552.245.0080x14131,South Jimmy,1/24/2022,9/4/2025 19:17
71,Matthew,Burton,genglish@yahoo.com,884-076-7802x316,Vangfort,8/1/2023,8/29/2025 20:46
72,Alyssa,Butler,nguyenjorge@hotmail.com,909-386-6377x9502,East Davidfort,3/15/2021,9/13/2025 20:37
73,Cassandra,Smith,ronalddecker@hotmail.com,686-491-6093x45649,Reynoldsstad,4/6/2024,9/3/2025 8:53
74,Francisco,Mason,halejeremy@jackson.biz,708-737-9907,East Adam,5/13/2024,9/12/2025 16:05
75,Albert,Cooper,jillflores@parrish.net,743-649-3140x62019,West Crystal,7/2/2022,9/2/2025 1:35
76,Diamond,Craig,lrobinson@gmail.com,(712)521-1933x252,South Elijah,1/4/2022,9/19/2025 8:31
77,Kathleen,Dorsey,melanie89@yahoo.com,+1-598-394-3922x670,Port Amy,3/22/2024,9/12/2025 2:34
78,Joshua,Perkins,brucekristina@hotmail.com,(162)365-9634x36052,New Andrea,2/12/2024,8/21/2025 23:47
79,Pamela,Gardner,sara21@gmail.com,106.350.8085,Carpenterville,5/26/2024,9/17/2025 1:15
80,Toni,Morris,butlerkristen@hotmail.com,001-220-421-4251x3568,North William,9/25/2022,9/1/2025 13:28
81,Wendy,Reynolds,nicholewebb@owens.com,903.429.4291,Grayland,3/26/2024,9/7/2025 1:05
82,Sabrina,Mason,davisemily@gmail.com,-3767,North Joshua,7/28/2023,9/14/2025 1:04
83,Jodi,Miller,sarah79@yahoo.com,(180)906-3833,New John,7/24/2024,9/4/2025 0:31
84,James,Robinson,ahines@holmes.com,-6760,Lake Maria,4/30/2025,9/12/2025 21:34
85,Michelle,Schmidt,nicholas32@lopez.com,(696)214-0776x38995,New Jessechester,8/11/2021,8/20/2025 13:01
86,Tara,Cruz,robinsonbrenda@yahoo.com,611.557.7248x74013,Jillstad,10/9/2022,9/11/2025 21:26
87,Joshua,Morris,vestrada@weaver.com,(792)508-2695x693,Lake John,9/4/2021,9/18/2025 22:35
88,Julie,Arnold,amandasmith@reid-rasmussen.com,001-982-149-2967x2205,South Dawn,12/20/2020,8/31/2025 10:09
89,Evan,Wagner,jaredwells@greer-jones.net,(472)882-7884,Andersenbury,5/14/2023,9/1/2025 3:21
90,James,Washington,mavila@hotmail.com,6664662178,Elizabethchester,6/2/2023,9/2/2025 14:34
91,Eric,Baker,rthompson@gmail.com,662.385.4431,Amberville,1/1/2023,9/1/2025 8:25
92,Susan,Bentley,mistynguyen@yahoo.com,001-556-651-2524x1842,Haysmouth,12/10/2020,9/12/2025 12:24
93,Ian,Nelson,nancy69@yahoo.com,753.981.7532x7266,Marieberg,6/18/2021,9/19/2025 9:12
94,Donna,Williams,kimberly86@diaz-miller.info,140.365.6932x6722,Jonesburgh,12/16/2020,9/1/2025 21:41
95,Julie,Powers,zortega@hotmail.com,871.248.5100x0394,North Laurenton,6/21/2022,8/24/2025 5:15
96,Jennifer,Jones,qmartinez@johnson-hood.com,(781)829-4921x71170,Foxtown,4/6/2024,9/20/2025 4:39
97,Jasmine,Adams,derrickwhite@mcmillan-torres.com,426.017.7162x360,Port Danielview,11/28/2022,9/19/2025 16:18
98,Maria,Davidson,thomastucker@torres.info,001-793-838-1697x324,Brittanyhaven,8/23/2023,9/16/2025 12:06
99,Joseph,Turner,schwartzmichael@hotmail.com,001-211-239-3709x94909,New Joseph,6/8/2021,8/29/2025 18:16
100,Gary,Barnes,newmanmelanie@flynn-ross.org,001-057-530-2069,North Charlestown,6/22/2022,9/14/2025 22:47
101,Stacy,Thomas,hannahwhite@hotmail.com,(888)234-0212x190,Lisachester,9/24/2020,9/10/2025 22:45
102,Alan,Rogers,cunninghamjessica@yahoo.com,001-059-131-5078,Harrisbury,7/29/2023,9/19/2025 21:57
103,Stephen,Sanders,sherry55@hernandez.com,(125)864-6551x2757,Port Michael,6/18/2022,9/9/2025 6:06
104,Duane,Bennett,moralessandy@arnold-robinson.com,001-863-426-7566x120,Lake Kelly,11/7/2020,9/17/2025 2:22
105,Jasmin,Patterson,matthewsbenjamin@lloyd.com,877.103.6696x5279,South Wyattfort,4/11/2021,8/25/2025 11:18
106,Kara,Williams,tyleryoung@gross.org,411.271.6645x2578,Seanview,1/5/2024,8/25/2025 4:33
107,Martin,Williams,brandyphillips@hotmail.com,-5986,Melissabury,6/15/2021,9/14/2025 13:56
108,Julian,Bell,yodonnell@gmail.com,679.256.6118,Port Brandon,10/18/2024,9/16/2025 17:58
109,Sharon,Reed,zweaver@hotmail.com,001-838-712-2136,Jacquelineside,5/11/2021,9/1/2025 22:46
110,Christine,Smith,qevans@hotmail.com,047.526.3467x475,New Susan,6/22/2022,9/19/2025 9:00
111,Joseph,Hampton,thomas64@yahoo.com,593-796-3021x8361,New James,7/8/2025,8/26/2025 5:04
112,Joshua,Peterson,brandontanner@maldonado-brown.com,(108)891-1686,North Martinfort,3/27/2022,9/11/2025 17:51
113,Kari,Bond,amy19@hotmail.com,546-921-8087x99627,North Brittanyshire,12/4/2022,9/8/2025 4:59
114,Melissa,Johnson,stewartkevin@reed.com,001-225-555-5198x82023,Port Amandabury,3/29/2025,8/31/2025 20:03
115,Thomas,Elliott,hornronald@hall-gutierrez.com,767.288.1452x34310,Gavinfort,1/12/2025,9/2/2025 2:33
116,Jennifer,Grimes,parrishrichard@yahoo.com,(450)543-5605,Huntborough,2/3/2023,9/2/2025 22:29
117,Christopher,Jones,madison07@mendoza.com,(526)195-4761,West Andrew,10/7/2024,9/1/2025 21:01
118,Joshua,Sutton,mosstroy@gmail.com,091.543.6994x2249,Payneshire,4/26/2024,8/27/2025 23:32
119,Joshua,Bailey,michaelthornton@raymond-clarke.com,8685503172,East Tonyshire,10/30/2021,8/29/2025 6:52
120,Daniel,Coleman,millertammy@howard-johnson.info,966.398.9624x869,South Jessicaville,12/10/2020,9/1/2025 4:47
121,Richard,Thompson,norma62@luna.com,001-017-185-8293x666,South Jamestown,12/30/2021,9/13/2025 18:50
122,Elizabeth,Jones,williamhicks@hotmail.com,(387)189-6972x098,Zacharyfort,5/3/2021,9/18/2025 19:10
123,Austin,Tran,john12@gmail.com,001-625-213-8255x80186,Christinaburgh,9/2/2022,9/13/2025 16:41
124,Nathan,Huang,gravessean@yahoo.com,817-097-1845x938,Ferrellshire,10/20/2024,8/22/2025 7:47
125,Eugene,Frazier,payneaaron@gray.com,630-294-8304,New Phillipfort,1/19/2024,9/3/2025 2:43
126,Richard,Rosales,mark91@hotmail.com,(369)998-2807,Brandiport,7/11/2025,9/18/2025 5:48
127,Sylvia,Padilla,elizabethphillips@yahoo.com,091-130-3917,West Jonathan,3/7/2021,8/23/2025 3:08
128,Sandra,Cooke,kelly93@yahoo.com,417-958-6160x375,Reyesbury,11/28/2023,8/27/2025 10:20
129,Carrie,Russell,jgordon@coleman.com,(435)787-3939x3729,East Suzanneborough,12/24/2020,9/17/2025 5:52
130,Elizabeth,Cruz,michaelberry@gmail.com,287.225.2759x9497,Moonland,12/19/2023,8/29/2025 20:39
131,Cynthia,Campbell,brookejohnson@smith.info,001-371-400-6463x5506,Williamsberg,2/12/2022,8/29/2025 18:32
132,Joseph,Lewis,williamalvarez@gonzales.net,(563)556-2417x8174,South Wayneland,3/2/2022,8/22/2025 9:41
133,Sarah,Romero,davidcampos@burgess-smith.com,276-041-0141x32483,Nelsonville,3/2/2025,8/22/2025 12:22
134,Kelsey,Wall,hamiltonmelissa@hotmail.com,(322)831-3470x74186,Deanstad,7/14/2021,8/30/2025 1:03
135,Stephen,Cruz,cperry@hotmail.com,050-814-6717x862,East Kimberlymouth,11/6/2023,9/19/2025 2:15
136,Elizabeth,Larson,ashley96@crawford.com,482.121.1034x747,East Ronaldside,3/12/2022,9/7/2025 5:07
137,Lisa,Crawford,bentleywalter@miller-harrell.com,091.757.2570,Port Jefferytown,1/16/2025,8/22/2025 19:16
138,Jeremy,Wise,mrose@lawrence.com,5418680269,Cindyberg,8/17/2023,8/31/2025 16:15
139,Anthony,Hicks,gonzalesalexander@yahoo.com,(950)210-3420,Aaronville,4/8/2025,9/18/2025 19:54
140,Brian,Decker,martinezdebra@hotmail.com,(303)736-0498,Woodtown,6/2/2023,9/19/2025 11:35
141,Anita,Lewis,matthew04@olson-sullivan.biz,-9486,East Susan,3/10/2024,8/24/2025 13:40
142,Jesse,Hart,jasonfowler@hotmail.com,1983301937,West Nicolefort,6/29/2025,8/24/2025 8:17
143,Thomas,Alexander,lovediana@yahoo.com,299-754-1775x1688,Jenniferland,9/30/2024,9/18/2025 22:14
144,Maria,Bradley,drakeshawn@reyes-maxwell.com,(524)026-1442x11158,Robinsonport,6/28/2025,9/14/2025 10:14
145,Richard,Williams,brian35@hotmail.com,548-546-9991x2695,Port Yvonne,5/25/2023,8/28/2025 14:51
146,Olivia,Flores,leslie28@yahoo.com,308-363-7803,Savannahberg,1/24/2024,9/9/2025 10:51
147,Miguel,Mcguire,drakeerik@nicholson.com,(096)046-1575x70787,Andrewbury,6/30/2024,9/5/2025 2:47
148,Karen,Hill,qthompson@mann.com,-2387,West Derrickview,4/19/2025,9/7/2025 10:21
149,Jonathan,Gibson,morgannicole@hotmail.com,001-109-728-3115x822,North Brianberg,4/18/2024,9/9/2025 0:26
150,Tina,Carpenter,bowendestiny@marks.com,(274)454-7012x266,Port Corystad,12/25/2022,9/15/2025 15:02
151,Angela,Matthews,adam18@kim.biz,001-451-431-2551x08584,North Johnville,11/16/2020,9/14/2025 20:40
152,Brett,Chambers,karencameron@yahoo.com,001-863-239-1491x73157,Robertberg,5/9/2021,8/21/2025 4:20
153,Brian,Williams,ygreen@campbell-reyes.com,-8455,South Jessicachester,8/20/2023,8/29/2025 10:21
154,Jimmy,Clark,petersonashley@gmail.com,041-792-8581x52134,Eileenbury,9/3/2025,9/16/2025 13:01
155,Albert,Perez,johnbarajas@rodriguez.com,+1-498-296-6823x0298,Jonathanmouth,6/10/2025,8/23/2025 20:37
156,Amanda,Anderson,katherine64@yahoo.com,826.582.7159x0246,North Joshua,8/11/2022,9/16/2025 17:03
157,Miranda,Edwards,david67@woods-williams.com,+1-026-462-8529x43636,West Randyview,4/29/2024,8/25/2025 12:25
158,Rachel,Smith,kennethlong@clark-smith.com,1262417156,Swansonshire,10/31/2024,8/22/2025 2:39
159,Philip,Flynn,tromero@weiss.biz,+1-270-373-5034x9844,North Theresa,12/3/2022,9/14/2025 14:38
160,James,Aguirre,lisareese@adams.org,001-419-425-5837x1640,North Calvin,9/3/2022,9/7/2025 16:31
161,Michael,Hernandez,ntaylor@hotmail.com,(995)452-9490x17261,North Amandafurt,12/13/2023,9/7/2025 15:40
162,Ryan,Nelson,timothywilson@hall-downs.biz,(597)752-3707x9352,New Robertberg,5/21/2023,9/18/2025 11:22
163,Donna,Saunders,lisa93@hays.com,001-691-910-2259,Lake Beverly,7/13/2021,9/2/2025 16:37
164,Bradley,Clark,kayla54@alvarado.com,001-459-745-7675x5324,Port Martinbury,11/17/2022,9/7/2025 23:51
165,Phyllis,Underwood,caseygraham@saunders.com,+1-680-038-5971x325,South Trevor,1/16/2023,9/4/2025 18:18
166,Sandra,Erickson,woodrichard@yahoo.com,102-992-6402,Clayhaven,4/20/2024,9/4/2025 8:50
167,Jeffrey,Lee,xbenson@oconnor.com,744.244.5980,East Benjamin,4/16/2021,9/1/2025 7:32
168,Russell,Pennington,kathleenromero@hotmail.com,8969053692,Greenton,7/31/2021,8/21/2025 20:02
169,Amanda,Ellis,sheilaholder@yahoo.com,001-326-447-7228x266,North Johnberg,8/27/2023,9/10/2025 22:50
170,Tiffany,Young,timothyreyes@mcdaniel-cuevas.info,+1-252-071-1349x5816,West Ryan,4/18/2021,8/29/2025 3:30
171,Kimberly,Ford,joelaustin@yahoo.com,001-965-295-5991x4649,New Ralph,10/15/2020,9/1/2025 2:03
172,Stephanie,Ryan,sallyobrien@gmail.com,(790)431-5648x33601,Parkerchester,1/31/2025,9/14/2025 12:11
173,James,Castillo,robert01@yahoo.com,+1-890-885-5781x841,Dominguezburgh,4/24/2021,9/6/2025 2:53
174,Brandon,Clark,mossbreanna@gmail.com,(263)701-2935x823,Port Maria,1/13/2025,8/23/2025 16:39
175,Samantha,Hodge,joseph00@yahoo.com,001-715-206-0866x083,Port Erikashire,3/5/2022,8/22/2025 21:39
176,Felicia,Holland,michael29@wiggins-blake.com,+1-753-932-8678x78477,North Scottshire,2/20/2025,9/1/2025 17:49
177,Ryan,Andrews,margaretperez@evans-graham.com,149-958-7488x5953,Craigmouth,3/16/2024,8/27/2025 7:17
178,Peter,Lopez,melissa38@murphy.com,(150)763-2444x6719,Johnsonstad,8/10/2025,9/2/2025 2:17
179,Meghan,Thomas,david61@hernandez-lane.org,-6194,Kennethstad,7/28/2021,8/29/2025 5:17
180,Leah,Baker,proberson@hotmail.com,-4793,Kennethfort,11/26/2022,9/6/2025 7:06
181,Sarah,Gross,russelljennifer@hotmail.com,457.655.9202x99411,East Rodneyview,10/5/2020,9/6/2025 3:41
182,Sophia,Watson,hernandezamy@adkins.com,6714929006,West Jasonmouth,4/17/2025,8/23/2025 23:27
183,Rose,Potter,carrollanthony@martinez.biz,687-562-3693,Murphyton,5/15/2021,9/1/2025 13:57
184,Rebecca,Carr,peteryang@walker-burton.com,(832)916-1101,Lake Kim,4/7/2023,9/10/2025 9:16
185,David,Carroll,hyoung@yahoo.com,(948)728-5315,Amberland,5/5/2024,8/28/2025 14:03
186,Mary,Brown,cindyvalenzuela@bass.com,675-881-9586x244,North Jason,9/26/2024,9/10/2025 4:57
187,Carrie,Parks,sandrarichard@scott.com,-6294,Carrieside,2/23/2021,8/24/2025 7:05
188,Johnathan,Leonard,rhodespamela@hotmail.com,(586)539-0647,Frostview,2/5/2025,8/29/2025 2:41
189,Jasmine,Miller,timothythompson@moore.org,2441015703,Jonesstad,4/16/2022,9/2/2025 3:43
190,Jonathan,Tran,sarahthompson@robertson.com,944.549.7152x505,Port Joseph,4/14/2022,9/8/2025 20:29
191,Christopher,Kim,tyler10@parsons-gomez.com,757-014-4199x75554,Port Michelle,10/31/2022,9/17/2025 10:19
192,Shannon,Gallagher,roachrenee@hotmail.com,+1-768-447-8757x233,Alishaland,4/16/2024,8/27/2025 15:21
193,Carl,Wilson,curtismitchell@gonzalez.com,001-633-177-7082,Cameronmouth,10/1/2024,8/22/2025 19:40
194,Maria,Ramsey,katherineanderson@gmail.com,001-921-539-2623x791,Lake Brandiport,9/12/2023,9/7/2025 17:00
195,Francis,Baker,bryan64@harris.net,536-874-7617,New Chloeside,7/25/2024,9/7/2025 3:16
196,Emily,Cabrera,ubrown@gmail.com,(352)635-6477x788,Sweeneytown,3/13/2021,9/9/2025 10:12
197,Richard,Anderson,aprilkim@gmail.com,722-662-3843x221,Heatherburgh,3/7/2024,9/18/2025 8:14
198,Bradley,Dunn,davidperez@hotmail.com,-6599,Aaronside,2/18/2023,9/12/2025 2:27
199,Susan,Brown,masonnicholas@yahoo.com,573-864-2777,Saraview,4/18/2021,9/5/2025 17:40
200,Jaclyn,Smith,allisonbarnes@yahoo.com,006-073-9277x533,Rebeccamouth,5/4/2024,8/28/2025 13:14
